id,authorships.author.display_name,authorships.author.id,authorships.author.orcid,authorships.countries,authorships.institutions.display_name,authorships.institutions.id,authorships.is_corresponding,best_oa_location.license,citation_normalized_percentile.value,cited_by_count,corresponding_institution_ids,display_name,doi,funders.display_name,fwci,ids.pmid,is_retracted,language,open_access.is_oa,open_access.oa_status,primary_location.source.display_name,primary_location.source.id,primary_location.source.issn_l,primary_location.source.type,primary_topic.display_name,publication_date,publication_year,type
https://openalex.org/W4394952614,Rita Rubin,https://openalex.org/A5109451552,,,,,True,,0.98800235,32,,"Could GLP-1 Receptor Agonists Like Semaglutide Treat Addiction, Alzheimer Disease, and Other Conditions?",https://doi.org/10.1001/jama.2024.1017,,11.1597,https://pubmed.ncbi.nlm.nih.gov/38639975,False,en,False,closed,JAMA,https://openalex.org/S172573765,0098-7484,journal,Diabetes Treatment and Management,2024-04-19,2024,article
https://openalex.org/W4409413331,Cormac Sheridan,https://openalex.org/A5016233215,,,,,True,,0.95658885,4,,Not just obesity: GLP-1 receptor agonists advance on addiction,https://doi.org/10.1038/s41587-025-02644-6,,5.6279,https://pubmed.ncbi.nlm.nih.gov/40229381,False,en,False,closed,Nature Biotechnology,https://openalex.org/S106963461,1087-0156,journal,Diabetes Treatment and Management,2025-04-01,2025,article
https://openalex.org/W4406363294,André Scheen,https://openalex.org/A5039563874,https://orcid.org/0000-0001-9743-4371,BE,University of Liège|Centre Hospitalier Universitaire de Liège,https://openalex.org/I157674565|https://openalex.org/I4210134544,True,other-oa,0.99101568,8,https://openalex.org/I157674565|https://openalex.org/I4210134544,Weight loss therapy and addiction: Increased risk after bariatric surgery but reduced risk with GLP-1 receptor agonists,https://doi.org/10.1016/j.diabet.2025.101612,,14.9564,https://pubmed.ncbi.nlm.nih.gov/39818408,False,en,True,green,Diabetes & Metabolism,https://openalex.org/S49871393,1262-3636,journal,Bariatric Surgery and Outcomes,2025-01-14,2025,review
https://openalex.org/W7133567540,Fares Qeadan,https://openalex.org/A5070492897,https://orcid.org/0000-0002-3376-220X,US,Loyola University Chicago,https://openalex.org/I1925986,True,,0.99989624,4,https://openalex.org/I1925986,Metabolic medicines and addiction: what GLP-1 receptor agonists might add to substance use care,https://doi.org/10.1136/bmj.s325,,154.224,https://pubmed.ncbi.nlm.nih.gov/41781016,False,en,True,bronze,BMJ,https://openalex.org/S4393917726,1756-1833,journal,Diabetes Treatment and Management,2026-03-04,2026,article
https://openalex.org/W4411255686,Luba Yammine|Patricia S. Grigson|Joy M. Schmitz|Brianna Evans|Christian S. Hendershot,https://openalex.org/A5050217926|https://openalex.org/A5104454227|https://openalex.org/A5036001319|https://openalex.org/A5087004597|https://openalex.org/A5012683980,https://orcid.org/0000-0001-5639-8802|https://orcid.org/0000-0002-4252-7332|https://orcid.org/0000-0002-3561-4614||https://orcid.org/0000-0002-5328-2035,||||US,||||University of Southern California,||||https://openalex.org/I1174212,True|False|False|False|False,,0.96454506,5,,The Potential Utility of GLP-1 Receptor Agonist Medications for Addiction Treatment: A Narrative Review of Clinical and Epidemiological Evidence,https://doi.org/10.1007/s40429-025-00657-4,National Institute on Alcohol Abuse and Alcoholism|National Institute on Drug Abuse,6.079,https://pubmed.ncbi.nlm.nih.gov/41347181,False,en,True,green,Current Addiction Reports,https://openalex.org/S2764348729,2196-2952,journal,Diabetes Treatment and Management,2025-06-13,2025,review
https://openalex.org/W4294805044,Mette Kruse Klausen|Mathias E. Jensen|Marco Møller|Nina Le Dous|Anne-Marie Østergaard Jensen|Victoria Alberte Zeeman|Claas-Frederik Johannsen|Alycia Lee|Gerda Thomsen|Julian Macoveanu|Patrick M. Fisher|Matthew P. Gillum|Niklas Rye Jørgensen|M Bergmann|Henrik E. Poulsen|Ulrik Becker|Jens J. Holst|Helene Benveniste|Nora D. Volkow|Sabine Vollstädt‐Klein|Kamilla Woznica Miskowiak|Claus Thorn Ekstrøm|Gitte M. Knudsen|Tina Vilsbøll|Anders Fink‐Jensen,https://openalex.org/A5091141863|https://openalex.org/A5006234017|https://openalex.org/A5030055611|https://openalex.org/A5042733593|https://openalex.org/A5101184672|https://openalex.org/A5097423674|https://openalex.org/A5089727435|https://openalex.org/A5089900411|https://openalex.org/A5112006491|https://openalex.org/A5083106393|https://openalex.org/A5021085020|https://openalex.org/A5084927745|https://openalex.org/A5069431123|https://openalex.org/A5088491140|https://openalex.org/A5005766981|https://openalex.org/A5086459548|https://openalex.org/A5085434984|https://openalex.org/A5073935438|https://openalex.org/A5002969658|https://openalex.org/A5010414376|https://openalex.org/A5044746918|https://openalex.org/A5065962810|https://openalex.org/A5015895924|https://openalex.org/A5004120950|https://openalex.org/A5001609083,https://orcid.org/0000-0002-9300-470X|https://orcid.org/0000-0002-2555-4785|https://orcid.org/0000-0001-5868-3869||||https://orcid.org/0000-0001-6903-8988|||https://orcid.org/0000-0001-6148-9477|https://orcid.org/0000-0002-8115-0611|https://orcid.org/0000-0003-4893-012X|https://orcid.org/0000-0001-9624-5210|https://orcid.org/0000-0001-9213-3676|https://orcid.org/0000-0003-4242-9924|https://orcid.org/0000-0002-1678-7771|https://orcid.org/0000-0001-6853-3805|https://orcid.org/0000-0002-2887-6667|https://orcid.org/0000-0001-6668-0908|https://orcid.org/0000-0002-6210-672X|https://orcid.org/0000-0003-2572-1384|https://orcid.org/0000-0003-1191-373X|https://orcid.org/0000-0003-1508-6866|https://orcid.org/0000-0002-0456-6787|https://orcid.org/0000-0001-7143-1236,DK|DK|DK|DK|DK|DK|DK|DE|DK|DK|DK|DK|US|DK|DK|DK|DK|DK|US|US|US|DE|DK||DK|DK|DK,University of Copenhagen|Rigshospitalet|University of Copenhagen|Rigshospitalet|Rigshospitalet|Rigshospitalet|Rigshospitalet|Rigshospitalet|Rigshospitalet|Heidelberg University|University Hospital Heidelberg|Central Institute of Mental Health|Copenhagen University Hospital|Rigshospitalet|Rigshospitalet|Copenhagen University Hospital|Rigshospitalet|Novo Nordisk Foundation|Foundation Center|Novo Nordisk Foundation Center for Basic Metabolic Research|University of Copenhagen|Region of Southern Denmark|University of Copenhagen|Frederiksberg Hospital|University of Southern Denmark|University of Copenhagen|Novo Nordisk Foundation|Foundation Center|Novo Nordisk Foundation Center for Basic Metabolic Research|Yale University|National Institutes of Health|National Institute on Alcohol Abuse and Alcoholism|Heidelberg University|University Hospital Heidelberg|Central Institute of Mental Health|University of Copenhagen|Rigshospitalet||University of Copenhagen|Copenhagen University Hospital|Rigshospitalet|University of Copenhagen|Steno Diabetes Centers|University of Copenhagen|Rigshospitalet,https://openalex.org/I124055696|https://openalex.org/I2802709434|https://openalex.org/I124055696|https://openalex.org/I2802709434|https://openalex.org/I2802709434|https://openalex.org/I2802709434|https://openalex.org/I2802709434|https://openalex.org/I2802709434|https://openalex.org/I2802709434|https://openalex.org/I223822909|https://openalex.org/I2802164966|https://openalex.org/I4210105615|https://openalex.org/I2802567020|https://openalex.org/I2802709434|https://openalex.org/I2802709434|https://openalex.org/I2802567020|https://openalex.org/I2802709434|https://openalex.org/I2801134892|https://openalex.org/I2802640032|https://openalex.org/I4391767703|https://openalex.org/I124055696|https://openalex.org/I4210115306|https://openalex.org/I124055696|https://openalex.org/I2801150652|https://openalex.org/I177969490|https://openalex.org/I124055696|https://openalex.org/I2801134892|https://openalex.org/I2802640032|https://openalex.org/I4391767703|https://openalex.org/I32971472|https://openalex.org/I1299303238|https://openalex.org/I4210121815|https://openalex.org/I223822909|https://openalex.org/I2802164966|https://openalex.org/I4210105615|https://openalex.org/I124055696|https://openalex.org/I2802709434||https://openalex.org/I124055696|https://openalex.org/I2802567020|https://openalex.org/I2802709434|https://openalex.org/I124055696|https://openalex.org/I1339947260|https://openalex.org/I124055696|https://openalex.org/I2802709434,False|False|False|False|False|False|False|False|False|False|False|False|False|False|False|False|False|False|False|False|False|False|False|False|True,cc-by,0.99684939,200,https://openalex.org/I124055696|https://openalex.org/I2802709434,"Exenatide once weekly for alcohol use disorder investigated in a randomized, placebo-controlled clinical trial",https://doi.org/10.1172/jci.insight.159863,Amgen|Eli Lilly and Company|AstraZeneca|Gilead Sciences|Biogen|Deutsche Forschungsgemeinschaft|Aase og Ejnar Danielsens Fond|Lundbeckfonden|Novo Nordisk|Augustinus Fonden|Region Hovedstaden|European College of Neuropsychopharmacology|Novo Nordisk Fonden|Hartmann Fonden|H. Lundbeck A/S,24.0939,https://pubmed.ncbi.nlm.nih.gov/36066977,False,en,True,gold,JCI Insight,https://openalex.org/S2764964142,2379-3708,journal,Diabetes Treatment and Management,2022-09-06,2022,article
https://openalex.org/W3200755535,Mette Kruse Klausen|Morgane Thomsen|Gitta Wörtwein|Anders Fink‐Jensen,https://openalex.org/A5091141863|https://openalex.org/A5031395961|https://openalex.org/A5013639019|https://openalex.org/A5001609083,https://orcid.org/0000-0002-9300-470X|https://orcid.org/0000-0002-7250-6006|https://orcid.org/0000-0001-6981-7885|https://orcid.org/0000-0001-7143-1236,DK|DK|DK|DK,Mental Health Services|Copenhagen University Hospital|Rigshospitalet|Capital Region of Denmark|Copenhagen University Hospital|University of Copenhagen|Copenhagen University Hospital|Mental Health Services|Copenhagen University Hospital|Rigshospitalet|Capital Region of Denmark,https://openalex.org/I2800875313|https://openalex.org/I2802567020|https://openalex.org/I2802709434|https://openalex.org/I4210145385|https://openalex.org/I2802567020|https://openalex.org/I124055696|https://openalex.org/I2802567020|https://openalex.org/I2800875313|https://openalex.org/I2802567020|https://openalex.org/I2802709434|https://openalex.org/I4210145385,False|False|False|True,,0.99399933,198,https://openalex.org/I2800875313|https://openalex.org/I2802567020|https://openalex.org/I2802709434|https://openalex.org/I4210145385,The role of glucagon‐like peptide 1 (GLP‐1) in addictive disorders,https://doi.org/10.1111/bph.15677,Region Hovedstaden|National Institutes of Health|U.S. Food and Drug Administration|National Institute on Alcohol Abuse and Alcoholism,14.3916,https://pubmed.ncbi.nlm.nih.gov/34532853,False,en,True,bronze,British Journal of Pharmacology,https://openalex.org/S55107261,0007-1188,journal,Diabetes Treatment and Management,2021-09-17,2021,review
https://openalex.org/W2792551501,Nicole S. Hernandez|Kelsey Y. Ige|Elizabeth G. Mietlicki‐Baase|Gian C Molina-Castro|Christopher A. Turner|Matthew R. Hayes|Heath D. Schmidt,https://openalex.org/A5068949049|https://openalex.org/A5077035126|https://openalex.org/A5025849851|https://openalex.org/A5088187915|https://openalex.org/A5103467325|https://openalex.org/A5065258001|https://openalex.org/A5056521587,https://orcid.org/0000-0003-0002-9893||https://orcid.org/0000-0002-4406-7675|https://orcid.org/0000-0002-0700-4042||https://orcid.org/0000-0001-9782-6551|,US|US|US|US|US|US|US,University of Pennsylvania|University of Pennsylvania|University of Pennsylvania|University of Pennsylvania|University of Pennsylvania|University of Pennsylvania|University of Pennsylvania,https://openalex.org/I79576946|https://openalex.org/I79576946|https://openalex.org/I79576946|https://openalex.org/I79576946|https://openalex.org/I79576946|https://openalex.org/I79576946|https://openalex.org/I79576946,True|False|False|False|False|False|False,cc-by,0.97602988,112,https://openalex.org/I79576946,Glucagon-like peptide-1 receptor activation in the ventral tegmental area attenuates cocaine seeking in rats,https://doi.org/10.1038/s41386-018-0010-3,"University of Pennsylvania|Novo Nordisk|National Institutes of Health|University at Buffalo|Center for Undergraduate Research and Scholarship, Bowling Green State University",5.968,https://pubmed.ncbi.nlm.nih.gov/29497166,False,en,True,hybrid,Neuropsychopharmacology,https://openalex.org/S175030738,0893-133X,journal,Neuropeptides and Animal Physiology,2018-02-14,2018,article
https://openalex.org/W2783560426,Elisabet Jerlhag,https://openalex.org/A5011345299,https://orcid.org/0000-0003-2408-3165,SE,University of Gothenburg,https://openalex.org/I881427289,True,cc-by-nc-nd,0.93672664,65,https://openalex.org/I881427289,GLP-1 signaling and alcohol-mediated behaviors; preclinical and clinical evidence,https://doi.org/10.1016/j.neuropharm.2018.01.013,Svenska Sällskapet för Medicinsk Forskning|Hjärnfonden|Vetenskapsrådet|Svenska Läkaresällskapet,3.601,https://pubmed.ncbi.nlm.nih.gov/29337226,False,en,True,hybrid,Neuropharmacology,https://openalex.org/S160566677,0028-3908,journal,Diabetes Treatment and Management,2018-01-12,2018,review
https://openalex.org/W2740227469,Morgane Thomsen|Ditte Dencker|Gitta Wörtwein|Pia Weikop|Emil Egecioglu|Elisabet Jerlhag|Anders Fink‐Jensen|Anna Molander,https://openalex.org/A5031395961|https://openalex.org/A5102792784|https://openalex.org/A5013639019|https://openalex.org/A5013981616|https://openalex.org/A5065224153|https://openalex.org/A5011345299|https://openalex.org/A5001609083|https://openalex.org/A5109939470,https://orcid.org/0000-0002-7250-6006|https://orcid.org/0000-0002-4829-439X|https://orcid.org/0000-0001-6981-7885|https://orcid.org/0000-0002-8422-1702||https://orcid.org/0000-0003-2408-3165|https://orcid.org/0000-0001-7143-1236|,DK|DK|DK|DK|SE|SE|DK|DK,University of Copenhagen|University of Copenhagen|University of Copenhagen|University of Copenhagen|Lund University|University of Gothenburg|University of Copenhagen|University of Copenhagen,https://openalex.org/I124055696|https://openalex.org/I124055696|https://openalex.org/I124055696|https://openalex.org/I124055696|https://openalex.org/I187531555|https://openalex.org/I881427289|https://openalex.org/I124055696|https://openalex.org/I124055696,True|False|False|False|False|False|False|False,,0.9175668,89,https://openalex.org/I124055696,The glucagon-like peptide 1 receptor agonist Exendin-4 decreases relapse-like drinking in socially housed mice,https://doi.org/10.1016/j.pbb.2017.07.014,Lundbeckfonden|Augustinus Fonden,2.984,https://pubmed.ncbi.nlm.nih.gov/28778739,False,en,False,closed,Pharmacology Biochemistry and Behavior,https://openalex.org/S59685179,0091-3057,journal,Neurotransmitter Receptor Influence on Behavior,2017-08-01,2017,article
https://openalex.org/W2086172137,Emil Egecioglu|Jörgen A. Engel|Elisabet Jerlhag,https://openalex.org/A5065224153|https://openalex.org/A5111952789|https://openalex.org/A5011345299,||https://orcid.org/0000-0003-2408-3165,SE|SE|SE,University of Gothenburg|University of Gothenburg|University of Gothenburg,https://openalex.org/I881427289|https://openalex.org/I881427289|https://openalex.org/I881427289,False|True|False,cc-by,0.9594626,143,https://openalex.org/I881427289,"The Glucagon-Like Peptide 1 Analogue Exendin-4 Attenuates the Nicotine-Induced Locomotor Stimulation, Accumbal Dopamine Release, Conditioned Place Preference as well as the Expression of Locomotor Sensitization in Mice",https://doi.org/10.1371/journal.pone.0077284,Vetenskapsrådet|Sahlgrenska Universitetssjukhuset|Systembolaget Aktiebolag,4.9034,https://pubmed.ncbi.nlm.nih.gov/24204788,False,en,True,gold,PLoS ONE,https://openalex.org/S202381698,1932-6203,journal,Diabetes Treatment and Management,2013-10-18,2013,article
https://openalex.org/W2935002098,Nicole S. Hernandez|Heath D. Schmidt,https://openalex.org/A5068949049|https://openalex.org/A5056521587,https://orcid.org/0000-0003-0002-9893|https://orcid.org/0000-0002-0646-5605,US|US,University of Pennsylvania|University of Pennsylvania,https://openalex.org/I79576946|https://openalex.org/I79576946,False|True,,0.92204609,57,https://openalex.org/I79576946,Central GLP-1 receptors: Novel molecular targets for cocaine use disorder,https://doi.org/10.1016/j.physbeh.2019.03.026,Howard Hughes Medical Institute|National Institutes of Health,3.1504,https://pubmed.ncbi.nlm.nih.gov/30930091,False,en,True,bronze,Physiology & Behavior,https://openalex.org/S167407068,0031-9384,journal,Neurotransmitter Receptor Influence on Behavior,2019-03-28,2019,review
https://openalex.org/W2209208567,Heath D. Schmidt|Elizabeth G. Mietlicki‐Baase|Kelsey Y. Ige|John Maurer|David J. Reiner|Derek J. Zimmer|Duncan S. Van Nest|Leonardo A. Guercio|Mathieu E. Wimmer|Diana R. Olivos|Bart C. De Jonghe|Matthew R. Hayes,https://openalex.org/A5056521587|https://openalex.org/A5025849851|https://openalex.org/A5077035126|https://openalex.org/A5005668643|https://openalex.org/A5101518051|https://openalex.org/A5018039619|https://openalex.org/A5052608701|https://openalex.org/A5090439739|https://openalex.org/A5025687682|https://openalex.org/A5065307254|https://openalex.org/A5079833063|https://openalex.org/A5065258001,https://orcid.org/0000-0002-0646-5605|https://orcid.org/0000-0002-4406-7675||https://orcid.org/0000-0003-2710-1963|https://orcid.org/0000-0002-5799-366X||https://orcid.org/0000-0002-0708-7546|https://orcid.org/0000-0002-9471-878X|https://orcid.org/0000-0002-4098-2497||https://orcid.org/0000-0002-6980-5355|https://orcid.org/0000-0001-9782-6551,US|US|US|US|US|US|US|US|US|US|US|US,University of Pennsylvania|University of Pennsylvania|University of Pennsylvania|University of Pennsylvania|University of Pennsylvania|University of Pennsylvania|University of Pennsylvania|University of Pennsylvania|University of Pennsylvania|University of Pennsylvania|University of Pennsylvania|University of Pennsylvania,https://openalex.org/I79576946|https://openalex.org/I79576946|https://openalex.org/I79576946|https://openalex.org/I79576946|https://openalex.org/I79576946|https://openalex.org/I79576946|https://openalex.org/I79576946|https://openalex.org/I79576946|https://openalex.org/I79576946|https://openalex.org/I79576946|https://openalex.org/I79576946|https://openalex.org/I79576946,True|False|False|False|False|False|False|False|False|False|False|False,,0.93540093,133,https://openalex.org/I79576946,Glucagon-Like Peptide-1 Receptor Activation in the Ventral Tegmental Area Decreases the Reinforcing Efficacy of Cocaine,https://doi.org/10.1038/npp.2015.362,"University of Pennsylvania|National Institutes of Health|Center for Undergraduate Research and Scholarship, Bowling Green State University|National Institute on Drug Abuse",3.6498,https://pubmed.ncbi.nlm.nih.gov/26675243,False,en,True,bronze,Neuropsychopharmacology,https://openalex.org/S175030738,0893-133X,journal,Regulation of Appetite and Obesity,2015-12-17,2015,article
https://openalex.org/W2884008074,Ann A. Coulter|Candida J. Rebello|Frank L. Greenway,https://openalex.org/A5072070675|https://openalex.org/A5065704242|https://openalex.org/A5080400693,https://orcid.org/0000-0002-3103-601X|https://orcid.org/0000-0002-7335-9095|https://orcid.org/0000-0002-1766-6111,US|US|US,Louisiana State University System|Pennington Biomedical Research Center|Pennington Biomedical Research Center|Louisiana State University System|Pennington Biomedical Research Center|Louisiana State University System,https://openalex.org/I107341208|https://openalex.org/I103990859|https://openalex.org/I103990859|https://openalex.org/I107341208|https://openalex.org/I103990859|https://openalex.org/I107341208,True|False|False,,0.98689573,149,https://openalex.org/I103990859|https://openalex.org/I107341208,"Centrally Acting Agents for Obesity: Past, Present, and Future",https://doi.org/10.1007/s40265-018-0946-y,National Institute of General Medical Sciences|National Center for Complementary and Integrative Health,9.6531,https://pubmed.ncbi.nlm.nih.gov/30014268,False,en,True,green,Drugs,https://openalex.org/S4436492,0012-6667,journal,Pharmacology and Obesity Treatment,2018-07-01,2018,review
https://openalex.org/W4388101233,Michael P. Bremmer|Christian S. Hendershot,https://openalex.org/A5022056962|https://openalex.org/A5012683980,https://orcid.org/0000-0003-2352-3691|https://orcid.org/0000-0002-5328-2035,US|US,University of North Carolina at Chapel Hill|University of North Carolina at Chapel Hill,https://openalex.org/I114027177|https://openalex.org/I114027177,True|False,,0.97933042,30,https://openalex.org/I114027177,Social media as pharmacovigilance: The potential for patient reports to inform clinical research on glucagon-like peptide 1 (GLP-1) receptor agonists for substance use disorders,https://doi.org/10.15288/jsad.23-00318,,6.8319,https://pubmed.ncbi.nlm.nih.gov/37917019,False,en,True,green,Journal of Studies on Alcohol and Drugs,https://openalex.org/S87620869,1937-1888,journal,Pharmacovigilance and Adverse Drug Reactions,2023-10-30,2023,article
https://openalex.org/W2936438292,Annika Billefeld Bornebusch|Anders Fink‐Jensen|Gitta Wörtwein|Randy J. Seeley|Morgane Thomsen,https://openalex.org/A5051425599|https://openalex.org/A5001609083|https://openalex.org/A5013639019|https://openalex.org/A5065488328|https://openalex.org/A5031395961,|https://orcid.org/0000-0001-7143-1236|https://orcid.org/0000-0001-6981-7885|https://orcid.org/0000-0002-3721-5625|https://orcid.org/0000-0002-7250-6006,DK|DK|DK|US|DK,Mental Health Services|Copenhagen University Hospital|Rigshospitalet|Capital Region of Denmark|University of Copenhagen|Mental Health Services|Copenhagen University Hospital|Rigshospitalet|Capital Region of Denmark|Mental Health Services|Copenhagen University Hospital|Rigshospitalet|Capital Region of Denmark|University of Michigan|Mental Health Services|Copenhagen University Hospital|Rigshospitalet|Capital Region of Denmark,https://openalex.org/I2800875313|https://openalex.org/I2802567020|https://openalex.org/I2802709434|https://openalex.org/I4210145385|https://openalex.org/I124055696|https://openalex.org/I2800875313|https://openalex.org/I2802567020|https://openalex.org/I2802709434|https://openalex.org/I4210145385|https://openalex.org/I2800875313|https://openalex.org/I2802567020|https://openalex.org/I2802709434|https://openalex.org/I4210145385|https://openalex.org/I27837315|https://openalex.org/I2800875313|https://openalex.org/I2802567020|https://openalex.org/I2802709434|https://openalex.org/I4210145385,True|False|False|False|False,cc-by,0.92572586,62,https://openalex.org/I2800875313|https://openalex.org/I2802567020|https://openalex.org/I2802709434|https://openalex.org/I4210145385,Glucagon-Like Peptide-1 Receptor Agonist Treatment Does Not Reduce Abuse-Related Effects of Opioid Drugs,https://doi.org/10.1523/eneuro.0443-18.2019,U.S. Department of Health and Human Services|Region Hovedstaden|National Institutes of Health|National Institute on Alcohol Abuse and Alcoholism,3.2689,https://pubmed.ncbi.nlm.nih.gov/31058214,False,en,True,gold,eNeuro,https://openalex.org/S4210172947,2373-2822,journal,Neuropeptides and Animal Physiology,2019-03-01,2019,article
https://openalex.org/W4407820847,Elisabet Jerlhag,https://openalex.org/A5011345299,https://orcid.org/0000-0003-2408-3165,SE,University of Gothenburg,https://openalex.org/I881427289,True,cc-by-nc-nd,0.99761146,27,https://openalex.org/I881427289,GLP-1 Receptor Agonists: Promising Therapeutic Targets for Alcohol Use Disorder,https://doi.org/10.1210/endocr/bqaf028,Vetenskapsrådet,31.4625,https://pubmed.ncbi.nlm.nih.gov/39980336,False,en,True,hybrid,Endocrinology,https://openalex.org/S157527038,0013-7227,journal,Diabetes Treatment and Management,2025-02-21,2025,review
https://openalex.org/W4409187632,Garret D. Stuber|Valérie Schwitzgebel|Christian Lüscher,https://openalex.org/A5047309828|https://openalex.org/A5018787256|https://openalex.org/A5045909609,https://orcid.org/0000-0003-1730-4855|https://orcid.org/0000-0002-8015-950X|https://orcid.org/0000-0001-7917-4596,US||,University of Washington||,https://openalex.org/I201448701||,True|False|False,cc-by,0.99786401,32,https://openalex.org/I201448701,The neurobiology of overeating,https://doi.org/10.1016/j.neuron.2025.03.010,National Institute of Mental Health and Neurosciences|Schweizerischer Nationalfonds zur Förderung der Wissenschaftlichen Forschung|HORIZON EUROPE Framework Programme|European Research Council,26.5937,https://pubmed.ncbi.nlm.nih.gov/40185087,False,en,True,hybrid,Neuron,https://openalex.org/S45757444,0896-6273,journal,Regulation of Appetite and Obesity,2025-04-05,2025,review
https://openalex.org/W4417114882,Natalie Healey,https://openalex.org/A5089418766,,GB,NatCen Social Research,https://openalex.org/I4210156821,True,,0.52411625,0,https://openalex.org/I4210156821,Is addiction the next frontier for GLP-1 receptor agonists?,https://doi.org/10.1038/d41591-025-00069-x,,0.0,https://pubmed.ncbi.nlm.nih.gov/41361575,False,en,False,closed,Nature Medicine,https://openalex.org/S203256638,1078-8956,journal,Diabetes Treatment and Management,2025-12-08,2025,article
https://openalex.org/W3216846208,Joaquin E. Douton|Nelli Horvath|Sara Mills‐Huffnagle|Jennifer E. Nyland|A. Hajnal|Patricia S. Grigson,https://openalex.org/A5077234879|https://openalex.org/A5026403323|https://openalex.org/A5081908659|https://openalex.org/A5015218987|https://openalex.org/A5066167166|https://openalex.org/A5104454227,https://orcid.org/0000-0001-9940-5240||https://orcid.org/0000-0002-6722-2586|https://orcid.org/0000-0002-4549-3617|https://orcid.org/0000-0001-7297-7134|https://orcid.org/0000-0002-4252-7332,US|US|US|US|US|US,University of North Carolina at Chapel Hill|Penn State Milton S. Hershey Medical Center|Penn State Milton S. Hershey Medical Center|Penn State Milton S. Hershey Medical Center|Penn State Milton S. Hershey Medical Center|Penn State Milton S. Hershey Medical Center,https://openalex.org/I114027177|https://openalex.org/I82783531|https://openalex.org/I82783531|https://openalex.org/I82783531|https://openalex.org/I82783531|https://openalex.org/I82783531,False|False|False|False|False|True,,0.88354054,44,https://openalex.org/I82783531,"Glucagon‐like peptide‐1 receptor agonist, liraglutide, reduces heroin self‐administration and drug‐induced reinstatement of heroin‐seeking behaviour in rats",https://doi.org/10.1111/adb.13117,Pennsylvania Department of Health|National Institutes of Health|National Institute on Drug Abuse,2.2775,https://pubmed.ncbi.nlm.nih.gov/34802173,False,en,True,green,Addiction Biology,https://openalex.org/S118332200,1355-6215,journal,Neuropeptides and Animal Physiology,2021-11-21,2021,article
https://openalex.org/W4200416330,Olesya T. Shevchouk|Maximilian Tufvesson‐Alm|Elisabet Jerlhag,https://openalex.org/A5043161236|https://openalex.org/A5083175742|https://openalex.org/A5011345299,https://orcid.org/0000-0003-1870-5749|https://orcid.org/0000-0002-5481-745X|https://orcid.org/0000-0003-2408-3165,SE|SE|SE,University of Gothenburg|University of Gothenburg|University of Gothenburg,https://openalex.org/I881427289|https://openalex.org/I881427289|https://openalex.org/I881427289,False|False|True,cc-by,0.86368613,33,https://openalex.org/I881427289,An Overview of Appetite-Regulatory Peptides in Addiction Processes; From Bench to Bed Side,https://doi.org/10.3389/fnins.2021.774050,,2.0052,https://pubmed.ncbi.nlm.nih.gov/34955726,False,en,True,gold,Frontiers in Neuroscience,https://openalex.org/S115201632,1662-453X,journal,Regulation of Appetite and Obesity,2021-12-09,2021,review
https://openalex.org/W7126106183,Nora D. Volkow|Leyla R. Brucar|Anders Fink-Jensen,https://openalex.org/A5124278892|https://openalex.org/A5070034117|https://openalex.org/A5124191063,|https://orcid.org/0000-0002-5852-3088|,US|US|DK,National Institute on Drug Abuse|National Institute on Alcohol Abuse and Alcoholism|University of Copenhagen|Mental Health Services,https://openalex.org/I1327069482|https://openalex.org/I4210121815|https://openalex.org/I124055696|https://openalex.org/I2800875313,True|False|False,,0.40686973,0,https://openalex.org/I1327069482,GLP-1 Receptor Agonist Medications: Interactions With Addiction Neurocircuitry,https://doi.org/10.1016/j.biopsych.2026.01.011,,0.0,https://pubmed.ncbi.nlm.nih.gov/41616957,False,en,False,closed,Biological Psychiatry,https://openalex.org/S205482884,0006-3223,journal,Diabetes Treatment and Management,2026-01-01,2026,article
https://openalex.org/W4387903893,Davide Arillotta|Giuseppe Floresta|Amira Guirguis|John Corkery|Valeria Catalani|Giovanni Martinotti|Stefano L. Sensi|Fabrizio Schifano,https://openalex.org/A5069522381|https://openalex.org/A5047386031|https://openalex.org/A5080313345|https://openalex.org/A5058372793|https://openalex.org/A5086740240|https://openalex.org/A5070312407|https://openalex.org/A5024277256|https://openalex.org/A5078706372,https://orcid.org/0000-0002-8843-0595|https://orcid.org/0000-0002-0668-1260|https://orcid.org/0000-0001-8255-0660|https://orcid.org/0000-0002-3849-817X|https://orcid.org/0000-0001-6338-8653|https://orcid.org/0000-0002-7292-2341|https://orcid.org/0000-0002-0710-2574|https://orcid.org/0000-0002-4178-5401,GB|IT|GB|IT|GB|GB|GB|GB|IT|IT|GB,University of Hertfordshire|University of Florence|University of Hertfordshire|University of Catania|University of Hertfordshire|Swansea University|University of Hertfordshire|University of Hertfordshire|University of Hertfordshire|University of Chieti-Pescara|University of Chieti-Pescara|University of Hertfordshire,https://openalex.org/I141584323|https://openalex.org/I45084792|https://openalex.org/I141584323|https://openalex.org/I39063666|https://openalex.org/I141584323|https://openalex.org/I39586589|https://openalex.org/I141584323|https://openalex.org/I141584323|https://openalex.org/I141584323|https://openalex.org/I39387349|https://openalex.org/I39387349|https://openalex.org/I141584323,False|False|False|False|False|False|False|True,cc-by,0.99816776,85,https://openalex.org/I141584323,GLP-1 Receptor Agonists and Related Mental Health Issues; Insights from a Range of Social Media Platforms Using a Mixed-Methods Approach,https://doi.org/10.3390/brainsci13111503,University of Hertfordshire,26.2836,,False,en,True,gold,Brain Sciences,https://openalex.org/S122317144,2076-3425,journal,Eating Disorders and Behaviors,2023-10-24,2023,article
https://openalex.org/W4416847720,RM Moosa-Battey,https://openalex.org/A5116581914,https://orcid.org/0000-0002-1953-143X,ZA,Tshwane University of Technology,https://openalex.org/I137616099,True,,0.49711873,0,https://openalex.org/I137616099,A current grasp of GLP-1 receptor agonists for addiction: emerging therapeutic potential,https://doi.org/10.36303/sapj.2615,,0.0,,False,en,True,diamond,SA pharmaceutical journal.,https://openalex.org/S4404662236,2220-1017,journal,Diabetes Treatment and Management,2025-10-01,2025,article
https://openalex.org/W4417265537,Katarzyna Wajda|Wiktoria Mika|Justyna Słowik|Izabela Sieradzka,https://openalex.org/A5112189146|https://openalex.org/A5120228435|https://openalex.org/A5120337120|https://openalex.org/A5120337118,https://orcid.org/0009-0008-6631-8923|https://orcid.org/0009-0007-6853-5342|https://orcid.org/0009-0006-9219-8377|https://orcid.org/0009-0004-3849-9844,PL|PL|PL|PL,University of Rzeszów|University of Rzeszów|University of Rzeszów|University of Rzeszów,https://openalex.org/I98559091|https://openalex.org/I98559091|https://openalex.org/I98559091|https://openalex.org/I98559091,True|False|False|False,cc-by-nc-sa,0.53783196,0,https://openalex.org/I98559091,"Semaglutide and Other GLP-1 Receptor Agonists as Potential Therapies for Addiction – Mechanisms, Evidence, and Clinical Implications",https://doi.org/10.12775/jehs.2025.86.66921,,0.0,,False,uk,True,diamond,Journal of Education Health and Sport,https://openalex.org/S2737571363,2391-8306,journal,Diabetes Treatment and Management,2025-12-12,2025,article
https://openalex.org/W4399859902,Davide Arillotta|Giuseppe Floresta|Guy Pelletier|Amira Guirguis|John Corkery|Giovanni Martinotti|Fabrizio Schifano,https://openalex.org/A5069522381|https://openalex.org/A5047386031|https://openalex.org/A5104754386|https://openalex.org/A5080313345|https://openalex.org/A5058372793|https://openalex.org/A5070312407|https://openalex.org/A5078706372,https://orcid.org/0000-0002-8843-0595|https://orcid.org/0000-0002-0668-1260||https://orcid.org/0000-0001-8255-0660|https://orcid.org/0000-0002-3849-817X|https://orcid.org/0000-0002-7292-2341|https://orcid.org/0000-0002-4178-5401,IT|IT||GB|GB|IT|GB,University of Florence|University of Catania||Swansea University|University of Hertfordshire|University of Chieti-Pescara|University of Hertfordshire,https://openalex.org/I45084792|https://openalex.org/I39063666||https://openalex.org/I39586589|https://openalex.org/I141584323|https://openalex.org/I39387349|https://openalex.org/I141584323,True|False|False|False|False|False|False,cc-by,0.99865384,45,https://openalex.org/I45084792,"Exploring the Potential Impact of GLP-1 Receptor Agonists on Substance Use, Compulsive Behavior, and Libido: Insights from Social Media Using a Mixed-Methods Approach",https://doi.org/10.3390/brainsci14060617,University of Hertfordshire,28.5042,https://pubmed.ncbi.nlm.nih.gov/38928616,False,en,True,gold,Brain Sciences,https://openalex.org/S122317144,2076-3425,journal,Eating Disorders and Behaviors,2024-06-20,2024,article
https://openalex.org/W7117316141,Audrey Walter-Evans,https://openalex.org/A5121332200,,,,,True,,,0,,"GLP-1 Receptor Agonists as Novel Pharmacotherapy for Substance Use and Behavioral Addictions: Clinical Evidence, Mechanisms, and Public Health Implications",https://doi.org/10.2139/ssrn.5964554,,,,False,,True,green,SSRN Electronic Journal,https://openalex.org/S4210172589,1556-5068,repository,Diabetes Treatment and Management,2025-01-01,2025,preprint
https://openalex.org/W4401304865,Elisabet Jerlhag,https://openalex.org/A5011345299,https://orcid.org/0000-0003-2408-3165,SE,University of Gothenburg,https://openalex.org/I881427289,True,,0.99044586,9,https://openalex.org/I881427289,Ghrelin system and GLP-1 as potential treatment targets for alcohol use disorder,https://doi.org/10.1016/bs.irn.2024.07.006,Vetenskapsrådet,15.3243,https://pubmed.ncbi.nlm.nih.gov/39523062,False,en,False,closed,International review of neurobiology,https://openalex.org/S59060466,0074-7742,book series,Regulation of Appetite and Obesity,2024-01-01,2024,review
https://openalex.org/W4411010789,Ashwani K. Singal|Lorenzo Leggio,https://openalex.org/A5103255747|https://openalex.org/A5038660835,https://orcid.org/0000-0003-1207-0399|https://orcid.org/0000-0001-7284-8754,US|US,University of Louisville|Louisville VA Medical Center|Johns Hopkins University|Georgetown University|National Institute on Alcohol Abuse and Alcoholism,https://openalex.org/I142740786|https://openalex.org/I4210111273|https://openalex.org/I145311948|https://openalex.org/I184565670|https://openalex.org/I4210121815,True|False,,0.9832041,7,https://openalex.org/I142740786|https://openalex.org/I4210111273,GLP-1 receptor agonists in alcohol use disorder and alcohol-associated liver disease,https://doi.org/10.1016/s2468-1253(25)00134-7,National Institute on Alcohol Abuse and Alcoholism,9.7894,https://pubmed.ncbi.nlm.nih.gov/40482663,False,en,False,closed,The Lancet. Gastroenterology & hepatology,https://openalex.org/S2530914053,2468-1156,journal,Liver Disease Diagnosis and Treatment,2025-06-04,2025,article
https://openalex.org/W4405003143,Mike May,https://openalex.org/A5025367840,https://orcid.org/0000-0001-7082-1582,,,,True,,0.83001144,3,,Seven unanswered questions about blockbuster weight-loss drugs,https://doi.org/10.1038/s41591-024-03380-1,,1.4089,https://pubmed.ncbi.nlm.nih.gov/39633026,False,en,False,closed,Nature Medicine,https://openalex.org/S203256638,1078-8956,journal,Pharmacology and Obesity Treatment,2024-12-01,2024,article
https://openalex.org/W3185777737,Changliang Zhu|Tao Hong|Shikuo Rong|Lifei Xiao|Xinxiao Li|Shucai Jiang|Baorui Guo|Lei Wang|Jiangwei Ding|Caibing Gao|Haigang Chang|Tao Sun|Feng Wang,https://openalex.org/A5034815572|https://openalex.org/A5056455223|https://openalex.org/A5009620030|https://openalex.org/A5042082627|https://openalex.org/A5082451604|https://openalex.org/A5041177866|https://openalex.org/A5062149910|https://openalex.org/A5091432366|https://openalex.org/A5006762155|https://openalex.org/A5015192286|https://openalex.org/A5066233748|https://openalex.org/A5061832044|https://openalex.org/A5007275174,|https://orcid.org/0000-0002-2693-8991|https://orcid.org/0000-0001-7904-0096||https://orcid.org/0000-0002-4899-9832|https://orcid.org/0000-0002-4497-4080||https://orcid.org/0000-0002-8811-8489|https://orcid.org/0000-0002-3231-9679||https://orcid.org/0009-0008-4127-0230|https://orcid.org/0000-0001-8062-3432|https://orcid.org/0000-0001-7841-5028,CN|CN|CN|CN|CN|CN|CN|CN|CN|CN|CN|CN|CN,Ningxia Medical University|Nanchang University|First Affiliated Hospital of Nanchang University|Chengdu Second People's Hospital|Ningxia Medical University|Ningxia Medical University|Ningxia Medical University|Ningxia Medical University|Ningxia Medical University|Ningxia Medical University|Ningxia Medical University|Ningxia Medical University|Ningxia Medical University|First Affiliated Hospital Zhejiang University|Ningxia Medical University,https://openalex.org/I4210127460|https://openalex.org/I141649914|https://openalex.org/I4210164024|https://openalex.org/I4210133253|https://openalex.org/I4210127460|https://openalex.org/I4210127460|https://openalex.org/I4210127460|https://openalex.org/I4210127460|https://openalex.org/I4210127460|https://openalex.org/I4210127460|https://openalex.org/I4210127460|https://openalex.org/I4210127460|https://openalex.org/I4210127460|https://openalex.org/I4210166576|https://openalex.org/I4210127460,False|False|False|False|False|False|False|False|False|False|False|True|True,cc-by,0.69657847,12,https://openalex.org/I4210127460|https://openalex.org/I4210166576,Glucagon-Like Peptide-1 Analog Exendin-4 Ameliorates Cocaine-Mediated Behavior by Inhibiting Toll-Like Receptor 4 Signaling in Mice,https://doi.org/10.3389/fphar.2021.694476,National Natural Science Foundation of China|Ningxia Medical University|Key Research and Development Program of Ningxia,0.9317,https://pubmed.ncbi.nlm.nih.gov/34349653,False,en,True,gold,Frontiers in Pharmacology,https://openalex.org/S132108250,1663-9812,journal,Neuropeptides and Animal Physiology,2021-07-19,2021,article
https://openalex.org/W4210482240,Stefan Trapp|S. Clare Stanford,https://openalex.org/A5103240189|https://openalex.org/A5062480622,https://orcid.org/0000-0003-0665-4948|https://orcid.org/0000-0002-5623-1751,GB|GB,University College London|University College London,https://openalex.org/I45129253|https://openalex.org/I45129253,True|False,,0.85002831,12,https://openalex.org/I45129253,New developments in the prospects for GLP‐1 therapy,https://doi.org/10.1111/bph.15788,Medical Research Council,1.6712,https://pubmed.ncbi.nlm.nih.gov/35107170,False,en,True,bronze,British Journal of Pharmacology,https://openalex.org/S55107261,0007-1188,journal,Diabetes Treatment and Management,2022-02-01,2022,editorial
https://openalex.org/W4413982280,Jiang-Hong Ye|Wanhong Zuo|Faraz Chaudhry|Lawrence Chinn,https://openalex.org/A5012281126|https://openalex.org/A5090388270|https://openalex.org/A5058926770|https://openalex.org/A5089824175,https://orcid.org/0000-0003-2545-4239|||,US|US|US|US,"Rutgers, The State University of New Jersey|Rutgers, The State University of New Jersey|Rutgers, The State University of New Jersey|Rutgers, The State University of New Jersey",https://openalex.org/I102322142|https://openalex.org/I102322142|https://openalex.org/I102322142|https://openalex.org/I102322142,True|False|False|False,cc-by,0.9261172,4,https://openalex.org/I102322142,Neuroimmune Mechanisms in Alcohol Use Disorder: Microglial Modulation and Therapeutic Horizons,https://doi.org/10.3390/psychoactives4030033,,3.2413,,False,en,True,diamond,Psychoactives,https://openalex.org/S4387280156,2813-1851,journal,Neuroinflammation and Neurodegeneration Mechanisms,2025-09-04,2025,article
https://openalex.org/W4412014445,Zheng‐Xiong Xi|Ewa Galaj,https://openalex.org/A5060050668|https://openalex.org/A5035565515,https://orcid.org/0000-0001-6482-8104|https://orcid.org/0000-0002-7180-4378,US|US,National Institute on Drug Abuse|Colgate University,https://openalex.org/I1327069482|https://openalex.org/I39660569,True|False,,0.96443937,3,https://openalex.org/I1327069482,Novel potential pharmacological approaches in treating eating disorders comorbid with substance use disorders,https://doi.org/10.1016/j.biopha.2025.118327,Foundation for the National Institutes of Health|National Institute on Alcohol Abuse and Alcoholism|National Institute on Drug Abuse|Intramural Research Program,6.5765,https://pubmed.ncbi.nlm.nih.gov/40616879,False,en,True,gold,Biomedicine & Pharmacotherapy,https://openalex.org/S15111687,0753-3322,journal,Eating Disorders and Behaviors,2025-07-04,2025,review
https://openalex.org/W4414095870,Joshua Reitz|Daniel B. Rosoff|Theodore Perlstein|Alexandra Wagner|Jeesun Jung|Josephin Wagner|Benjamin C. Reiner|Falk W. Lohoff,https://openalex.org/A5116841668|https://openalex.org/A5075112055|https://openalex.org/A5057098158||https://openalex.org/A5054033636|https://openalex.org/A5017662673|https://openalex.org/A5006965852|https://openalex.org/A5089957785,https://orcid.org/0009-0005-1041-6602|https://orcid.org/0000-0002-5718-7668||https://orcid.org/0009-0006-6075-6848|https://orcid.org/0000-0002-2668-5541|https://orcid.org/0000-0002-8880-5721|https://orcid.org/0000-0001-7796-587X|https://orcid.org/0000-0002-0480-7755,US|GB|US|US|US|US|US|US|US,National Institutes of Health|National Institute on Alcohol Abuse and Alcoholism|National Institutes of Health|University of Oxford|National Institute on Alcohol Abuse and Alcoholism|Science Oxford|National Institutes of Health|National Institute on Alcohol Abuse and Alcoholism|National Institutes of Health|National Institute on Alcohol Abuse and Alcoholism|National Institutes of Health|National Institute on Alcohol Abuse and Alcoholism|National Institutes of Health|National Institute on Alcohol Abuse and Alcoholism|University of Pennsylvania|National Institute on Alcohol Abuse and Alcoholism,https://openalex.org/I1299303238|https://openalex.org/I4210121815|https://openalex.org/I1299303238|https://openalex.org/I40120149|https://openalex.org/I4210121815|https://openalex.org/I4210146410|https://openalex.org/I1299303238|https://openalex.org/I4210121815|https://openalex.org/I1299303238|https://openalex.org/I4210121815|https://openalex.org/I1299303238|https://openalex.org/I4210121815|https://openalex.org/I1299303238|https://openalex.org/I4210121815|https://openalex.org/I79576946|https://openalex.org/I4210121815,True|False|False|False|False|False|False|False,cc-by,0.95638068,4,https://openalex.org/I1299303238|https://openalex.org/I4210121815,Genetically modeled GLP1R and GIPR agonism reduce binge drinking and alcohol-associated phenotypes: a multi-ancestry drug-target Mendelian randomization study,https://doi.org/10.1038/s41380-025-03199-3,University of Bristol|National Institutes of Health|Medical Research Council,4.9147,https://pubmed.ncbi.nlm.nih.gov/40931165,False,en,True,hybrid,Molecular Psychiatry,https://openalex.org/S71149355,1359-4184,journal,Diabetes Treatment and Management,2025-09-10,2025,article
https://openalex.org/W4406043735,Melanie O'Farrell|Faisal I. Almohaileb|Carel W. le Roux,https://openalex.org/A5011664635|https://openalex.org/A5049346126|https://openalex.org/A5010753663,|https://orcid.org/0000-0002-4147-1429|https://orcid.org/0000-0001-5521-5445,IE|SA|IE,Sports Surgery Clinic|Qassim University|University College Dublin,https://openalex.org/I4210150414|https://openalex.org/I156216236|https://openalex.org/I100930933,True|False|False,cc-by-nc,0.99135348,13,https://openalex.org/I4210150414,Glucagon‐like peptide‐1 analogues reduce alcohol intake,https://doi.org/10.1111/dom.16152,Irish Research eLibrary,15.8989,https://pubmed.ncbi.nlm.nih.gov/39748222,False,en,True,hybrid,Diabetes Obesity and Metabolism,https://openalex.org/S148394532,1462-8902,journal,Diabetes Treatment and Management,2025-01-02,2025,letter
https://openalex.org/W4416231402,Hlafira Polishchuk|Krzysztof Guzik|Tomasz Kantyka,https://openalex.org/A5117829066|https://openalex.org/A5112282439|https://openalex.org/A5041713109,https://orcid.org/0009-0000-5621-484X|https://orcid.org/0000-0002-8794-0614|https://orcid.org/0000-0003-3023-2382,PL|PL|PL,Jagiellonian University|Jagiellonian University|Jagiellonian University,https://openalex.org/I126596746|https://openalex.org/I126596746|https://openalex.org/I126596746,False|False|True,cc-by,0.79145147,1,https://openalex.org/I126596746,"Beyond Hunger: The Structure, Signaling, and Systemic Roles of Ghrelin",https://doi.org/10.3390/ijms262210996,Narodowe Centrum Nauki,0.8677,https://pubmed.ncbi.nlm.nih.gov/41303478,False,en,True,gold,International Journal of Molecular Sciences,https://openalex.org/S10623703,1422-0067,journal,Regulation of Appetite and Obesity,2025-11-13,2025,review
https://openalex.org/W4401506697,Elizabeth Hlavinka,https://openalex.org/A5106399177,,,,,True,cc-by,0.63939196,1,,Can Diabetes Drugs like Ozempic Tackle the Mental Health Crisis?,https://doi.org/10.1021/acscentsci.4c01250,,0.406,https://pubmed.ncbi.nlm.nih.gov/39220694,False,en,True,diamond,ACS Central Science,https://openalex.org/S2765035057,2374-7943,journal,Attention Deficit Hyperactivity Disorder,2024-08-12,2024,article
https://openalex.org/W4414714391,Javad Heshmati|Eran A. Raizman|Alison G. Abraham|Hassan Mir,https://openalex.org/A5024951050|https://openalex.org/A5075541571|https://openalex.org/A5084477412|https://openalex.org/A5048816294,https://orcid.org/0000-0002-2676-0185||https://orcid.org/0000-0002-6863-0565|https://orcid.org/0000-0002-7486-8123,|||,,,True|False|False|False,,0.3387661,0,,P304 GLP-1 AGONISTS AND SMOKING CESSATION: A SYSTEMATIC REVIEW AND META-ANALYSIS OF RANDOMIZED CLINICAL TRIALS,https://doi.org/10.1016/j.cjca.2025.08.294,,0.0,,False,en,False,closed,Canadian Journal of Cardiology,https://openalex.org/S126162762,0828-282X,journal,Fatty Acid Research and Health,2025-10-01,2025,article
https://openalex.org/W7111610610,"Brunsell, Rachel J.",,,,,,True,,0.66340212,0,,Glucagon-Like Peptide-1 Therapy and Substance Use Disorders,,,0.0,,False,,False,closed,UND Scholarly Commons (University of North Dakota),https://openalex.org/S4306402276,,repository,Diabetes Treatment and Management,2025-04-22,2025,article
https://openalex.org/W7125604863,George B. Stefano,https://openalex.org/A5123773940,,,,,True,cc-by-sa,0.28205128,0,,"Convergent Mitochondrial and Reward-Circuit Mechanisms Underlying Appetite, Addiction, and GLP-1 Therapeutics",https://doi.org/10.29011/2575-9760.011545,,0.0,,False,,True,diamond,Journal of Surgery,https://openalex.org/S4210231220,2575-9760,journal,Regulation of Appetite and Obesity,2026-01-22,2026,article
https://openalex.org/W4415790064,Xuan‐Mai T. Nguyen|Yanping Li|S. Czernichow|Nathalie Rassy|Serena C. Houghton|Bing Lü|Yuk‐Lam Ho|Brian Charest|Dong Wang|David Gagnon|Michael Gaziano|Walter C. Willett|Peter W.F. Wilson|Kelly Kim|Frank B. Hu,https://openalex.org/A5087830284|https://openalex.org/A5100385634|https://openalex.org/A5082263019|https://openalex.org/A5054564022|https://openalex.org/A5076442744|https://openalex.org/A5014627846|https://openalex.org/A5083865377|https://openalex.org/A5025862691|https://openalex.org/A5100391510|https://openalex.org/A5032470748|https://openalex.org/A5053274090|https://openalex.org/A5083991449|https://openalex.org/A5000776451|https://openalex.org/A5038521098|https://openalex.org/A5101784500,https://orcid.org/0000-0001-6299-3763|https://orcid.org/0000-0002-0412-2748||https://orcid.org/0000-0001-7987-8219|https://orcid.org/0000-0001-8833-9065|https://orcid.org/0000-0002-0031-5999|https://orcid.org/0000-0003-3305-3830||https://orcid.org/0000-0002-8340-2763|https://orcid.org/0000-0002-6367-3179||https://orcid.org/0000-0003-1458-7597|https://orcid.org/0000-0002-5653-7056|https://orcid.org/0000-0003-4607-4323|https://orcid.org/0000-0002-8412-2261,US|US|FR|FR|US|US|US|US|US|US|US|US|US|US|US,VA Boston Healthcare System|VA Boston Healthcare System|Hôpital Européen Georges-Pompidou|Hôpital Européen Georges-Pompidou|VA Boston Healthcare System|VA Boston Healthcare System|VA Boston Healthcare System|VA Boston Healthcare System|Harvard University|VA Boston Healthcare System|VA Boston Healthcare System|Harvard University|Emory University|VA Boston Healthcare System|Harvard University,https://openalex.org/I2801671727|https://openalex.org/I2801671727|https://openalex.org/I4210102325|https://openalex.org/I4210102325|https://openalex.org/I2801671727|https://openalex.org/I2801671727|https://openalex.org/I2801671727|https://openalex.org/I2801671727|https://openalex.org/I136199984|https://openalex.org/I2801671727|https://openalex.org/I2801671727|https://openalex.org/I136199984|https://openalex.org/I150468666|https://openalex.org/I2801671727|https://openalex.org/I136199984,True|False|False|False|False|False|False|False|False|False|False|False|False|False|False,,0.49659446,0,https://openalex.org/I2801671727,Abstract 4362202: Combined associations of GLP-1 medications and healthy lifestyle with cardiovascular outcomes among individuals with diabetes: The Million Veteran Program,https://doi.org/10.1161/circ.152.suppl_3.4362202,,0.0,,False,en,False,closed,Circulation,https://openalex.org/S116251202,0009-7322,journal,Cardiovascular Health and Risk Factors,2025-11-03,2025,article
https://openalex.org/W7103901895,Atharv Ranjan,,https://orcid.org/0009-0008-3444-5151,,,,True,cc-by,0.62010039,0,,Disentangling the Anti-Addiction Mechanism of GLP-1 Agonists: A Review of Competing Hypotheses and a Proposal for Resolution,https://doi.org/10.5281/zenodo.17514746,,0.0,,False,,True,green,Zenodo (CERN European Organization for Nuclear Research),https://openalex.org/S4306400562,,repository,Diabetes Treatment and Management,2025-11-02,2025,article
https://openalex.org/W7103905169,Atharv Ranjan,,https://orcid.org/0009-0008-3444-5151,,,,True,cc-by,0.61917185,0,,Disentangling the Anti-Addiction Mechanism of GLP-1 Agonists: A Review of Competing Hypotheses and a Proposal for Resolution,https://doi.org/10.5281/zenodo.17514745,,0.0,,False,,True,green,Zenodo (CERN European Organization for Nuclear Research),https://openalex.org/S4306400562,,repository,Diabetes Treatment and Management,2025-11-02,2025,article
https://openalex.org/W4403853251,Girish P. Joshi,https://openalex.org/A5074109764,https://orcid.org/0000-0003-1791-4012,US,The University of Texas Southwestern Medical Center,https://openalex.org/I867280407,True,,0.81653495,3,https://openalex.org/I867280407,Preoperative Strategies for Patients on Glucagon-like Peptide-1 Receptor Agonists Navigating Current Controversies and Future Directions,https://doi.org/10.1097/aln.0000000000005222,,1.1405,https://pubmed.ncbi.nlm.nih.gov/39471348,False,en,False,closed,Anesthesiology,https://openalex.org/S124035732,0003-3022,journal,Diabetes Treatment and Management,2024-10-29,2024,article
https://openalex.org/W7131816810,Suhasini Rallabandi|Mansi Sharma|Krishnamraju Kosuru|Rahul Kashyap,https://openalex.org/A5086765770|https://openalex.org/A5127086203|https://openalex.org/A5127431682|https://openalex.org/A5127238257,|||,US|US|US|US,Banner Desert Medical Center|Wayne Community College|Wayne County Public Schools|Banner Health|Mayo Clinic|WinnMed|WellSpan Health|Global InfoTek (United States)|Drexel University,https://openalex.org/I4210104819|https://openalex.org/I2800354142|https://openalex.org/I4210144405|https://openalex.org/I2802412784|https://openalex.org/I1330342723|https://openalex.org/I2802423016|https://openalex.org/I4210111146|https://openalex.org/I4210150952|https://openalex.org/I72816309,True|False|False|False,cc-by,0.53449067,0,https://openalex.org/I4210104819,A Rare Case of Semaglutide-Associated Small Bowel Obstruction Complicated by Acute Kidney Injury Requiring Dialysis,https://doi.org/10.7759/cureus.104376,,0.0,https://pubmed.ncbi.nlm.nih.gov/41913883,False,en,True,diamond,Cureus,https://openalex.org/S2738950867,2168-8184,journal,Diabetes Treatment and Management,2026-02-27,2026,article
https://openalex.org/W4415983583,Eşref Araç,https://openalex.org/A5052218567,https://orcid.org/0000-0001-6041-3817,TR,Dicle University,https://openalex.org/I123466251,True,cc-by-nc,0.44538188,0,https://openalex.org/I123466251,The Intersection of Obesity and Behavioral Addictions: A Comprehensive Narrative Review of Neurobiological Mechanisms and Clinical Implications,https://doi.org/10.56016/dahudermj.1793707,,0.0,,False,,True,hybrid,DAHUDER Medical Journal,https://openalex.org/S4387280035,2791-9250,journal,Eating Disorders and Behaviors,2025-11-07,2025,article
https://openalex.org/W4409975323,Khaled Draghmeh|Brian Fuehrlein,https://openalex.org/A5117131694|https://openalex.org/A5076369609,|https://orcid.org/0000-0002-3202-8089,US|US,VA Connecticut Healthcare System|VA Connecticut Healthcare System|Yale University,https://openalex.org/I4210086971|https://openalex.org/I4210086971|https://openalex.org/I32971472,True|False,cc-by,0.12217643,0,https://openalex.org/I4210086971,"Emerging Therapeutics in the Treatment of Substance Use Disorders: A Focus on GLP-1 Receptor Agonists, D3R Antagonists, and CRF Antagonists",https://doi.org/10.31083/jin26361,,0.0,https://pubmed.ncbi.nlm.nih.gov/40302255,False,en,True,gold,Journal of Integrative Neuroscience,https://openalex.org/S137215245,0219-6352,journal,Diabetes Treatment and Management,2025-04-24,2025,review
https://openalex.org/W4405222143,Ty S. Schepis,https://openalex.org/A5062179727,https://orcid.org/0000-0003-3655-0496,US,Texas State University|University of Michigan,https://openalex.org/I13511017|https://openalex.org/I27837315,True,cc-by-nc-nd,0.21957382,0,https://openalex.org/I13511017|https://openalex.org/I27837315,Commentary on Qeadan <i>et al</i> .: Leveraging opportunities to expand the substance use disorder treatment arsenal,https://doi.org/10.1111/add.16725,U.S. Department of Health and Human Services|National Institutes of Health|Substance Abuse and Mental Health Services Administration|National Institute on Drug Abuse,0.0,https://pubmed.ncbi.nlm.nih.gov/39657706,False,en,True,hybrid,Addiction,https://openalex.org/S70513841,0965-2140,journal,Cannabis and Cannabinoid Research,2024-12-10,2024,article
https://openalex.org/W7148196205,Duhanur Aksoy|S. Sırrı Bilge,https://openalex.org/A5132591672|https://openalex.org/A5132564554,|,TR|TR,Ondokuz Mayıs University|Ondokuz Mayıs University,https://openalex.org/I227306068|https://openalex.org/I227306068,True|False,cc-by-nc,0.75638055,0,https://openalex.org/I227306068,GLP-1 Receptor Agonists: Current Applications and Future Directions,,,0.0,,False,en,True,green,DergiPark (Istanbul University),https://openalex.org/S4306401840,,repository,Diabetes Treatment and Management,2025-08-18,2025,article
https://openalex.org/W7124296514,Ellen Bennett|Cynthia Myers-Morrison|David Unwin,https://openalex.org/A5123081944|https://openalex.org/A5016442626|https://openalex.org/A5080463435,||https://orcid.org/0000-0002-9950-254X,BR|NO|UG|AU|US|ZA|GB|NO|UG,Fundação Liberato|Infectious Diseases Research Collaboration|Campbell Collaboration|American Society of Addiction Medicine|Collaborative Research Group|Collaborative Group (United States)|Illovo Sugar (South Africa)|Edge Hill University|Infectious Diseases Research Collaboration|Campbell Collaboration,https://openalex.org/I4210113571|https://openalex.org/I4210118448|https://openalex.org/I4210161779|https://openalex.org/I2800055995|https://openalex.org/I4210112625|https://openalex.org/I4210116243|https://openalex.org/I4210123320|https://openalex.org/I165525304|https://openalex.org/I4210118448|https://openalex.org/I4210161779,True|False|False,cc-by,0.13933068,0,https://openalex.org/I4210113571|https://openalex.org/I4210118448|https://openalex.org/I4210161779,"Integrating the management of ultra-processed food addiction into type 2 diabetes care: a clinical response to De Silva et al, (2025) and practical recommendations for practitioners",https://doi.org/10.3389/fpsyt.2025.1653982,,0.0,https://pubmed.ncbi.nlm.nih.gov/41625619,False,en,True,gold,Frontiers in Psychiatry,https://openalex.org/S92766711,1664-0640,journal,Eating Disorders and Behaviors,2026-01-15,2026,article
https://openalex.org/W4414182046,Jørgen G. Bramness,https://openalex.org/A5080116577,https://orcid.org/0000-0002-9250-3144,NO,"UiT The Arctic University of Norway|Centre for Arctic Gas Hydrate, Environment and Climate",https://openalex.org/I78037679|https://openalex.org/I4210095992,True,cc-by,0.33763184,0,https://openalex.org/I4210095992|https://openalex.org/I78037679,Addiction,https://doi.org/10.1192/j.eurpsy.2025.82,,0.0,,False,en,True,gold,European Psychiatry,https://openalex.org/S87202501,0924-9338,journal,Opioid Use Disorder Treatment,2025-04-01,2025,article
https://openalex.org/W4312953721,Elisabet Jerlhag,https://openalex.org/A5011345299,https://orcid.org/0000-0003-2408-3165,SE,University of Gothenburg,https://openalex.org/I881427289,True,,0.58682321,0,https://openalex.org/I881427289,The Gut-Brain Axis and Addictions,https://doi.org/10.1007/978-3-030-92392-1_2,,0.0,,False,en,False,closed,,,,,Eating Disorders and Behaviors,2022-01-01,2022,book-chapter
https://openalex.org/W4210915476,Elisabet Jerlhag,https://openalex.org/A5011345299,https://orcid.org/0000-0003-2408-3165,SE,University of Gothenburg,https://openalex.org/I881427289,True,,0.05062818,0,https://openalex.org/I881427289,The Gut-Brain Axis and Addictions,https://doi.org/10.1007/978-3-030-67928-6_2-1,,0.0,,False,en,False,closed,,,,,Eating Disorders and Behaviors,2022-01-01,2022,book-chapter
https://openalex.org/W3092412114,Elisabeth Vestergaard,https://openalex.org/A5112572512,,,,,True,,0.19211908,0,,Mechanism of Action of the Glucagon-like Peptide-1 analog Exendin-4 in the Reward System – A Preclinical Study in the Drug Addiction Field,,,0.0,,False,en,True,green,Gothenburg University Publications Electronic Archive (Gothenburg University),https://openalex.org/S4306401168,,repository,Diabetes Treatment and Management,2020-09-28,2020,article
https://openalex.org/W7142887562,Júlio Torales|Anthon Daniel Torres-Romero|Marcela Waisman-Campos|Elisa Smyth|MD Néstor Szerman|Marcelo O´Higgins|Tomás Caycho-Rodríguez|Luis Hualparuca-Olivera|Iván Barrios|Antonio Ventriglio|João Mauricio Castaldelli-Maia,https://openalex.org/A5056291905|https://openalex.org/A5036699444|https://openalex.org/A5045500907|https://openalex.org/A5071287760|https://openalex.org/A5056542143|https://openalex.org/A5127626556|https://openalex.org/A5130872150|https://openalex.org/A5121358544|https://openalex.org/A5036484077|https://openalex.org/A5130872746|https://openalex.org/A5130888772,https://orcid.org/0000-0003-3277-7036|https://orcid.org/0000-0002-7978-2660|||||||https://orcid.org/0000-0002-6843-7685||,CL|PY|PY|AR|AR|ES|US|PY|PE|PE|AR|PY|IT|BR,Universidad Iberoamericana|Universidad de Los Lagos|Universidad Nacional de Asunción|Universidad Nacional de Asunción|Fundación para la Lucha contra las Enfermedades Neurológicas de la Infancia|Instituto de Neurología Cognitiva|Universidad Nacional del Centro de la Provincia de Buenos Aires|Hospital General Universitario Gregorio Marañón|Diagnostics for the Real World (United States)|Universidad Nacional de Asunción|Universidad Científica del Sur|Universidad Continental|National University of Rosario|Universidad Iberoamericana|University of Foggia|Universidade de São Paulo|Fundação do ABC|Universidade Federal de São Paulo,https://openalex.org/I4210141197|https://openalex.org/I4210154195|https://openalex.org/I8379220|https://openalex.org/I8379220|https://openalex.org/I4210100158|https://openalex.org/I4210120277|https://openalex.org/I3130805194|https://openalex.org/I2960094004|https://openalex.org/I4210157251|https://openalex.org/I8379220|https://openalex.org/I263512288|https://openalex.org/I4210165210|https://openalex.org/I4141589|https://openalex.org/I4210141197|https://openalex.org/I106296451|https://openalex.org/I17974374|https://openalex.org/I4210166216|https://openalex.org/I88273585,False|False|False|False|False|False|False|False|False|False|True,,0.921973,0,https://openalex.org/I17974374|https://openalex.org/I4210166216|https://openalex.org/I88273585,Treatment-refractory Addictions: Clinical Characterization and anOperational Model for Integrated Management,https://doi.org/10.2174/0125899775434631260211074804,,0.0,,False,en,False,closed,Current Drug Research Reviews,https://openalex.org/S4210180567,2589-9775,journal,Cannabis and Cannabinoid Research,2026-03-26,2026,article
https://openalex.org/W4415063915,Hlafira Polishchuk|Krzysztof Guzik|Tomasz Kantyka,https://openalex.org/A5117829066|https://openalex.org/A5112282439|https://openalex.org/A5041713109,https://orcid.org/0009-0000-5621-484X|https://orcid.org/0000-0002-8794-0614|https://orcid.org/0000-0003-3023-2382,||,,,True|False|False,cc-by,,0,,"Beyond Hunger: Structure, Signaling and Systemic Roles of Ghrelin",https://doi.org/10.20944/preprints202510.0358.v1,,,,False,en,True,green,Preprints.org,https://openalex.org/S6309402219,,repository,Regulation of Appetite and Obesity,2025-10-06,2025,preprint
https://openalex.org/W4416901692,Jordi Colmenero|Gonzalo Crespo|Line Carolle Ntandja Wandji|Yiliam Fundora|Alexandre Louvet,https://openalex.org/A5057284893|https://openalex.org/A5025512540|https://openalex.org/A5059384763|https://openalex.org/A5081646294|https://openalex.org/A5003479866,https://orcid.org/0000-0001-6024-8479|https://orcid.org/0000-0002-1178-4897|https://orcid.org/0000-0002-5517-2286|https://orcid.org/0000-0003-4950-6988|https://orcid.org/0000-0002-5293-007X,ES|ES|FR|ES|FR,Hospital Clínic de Barcelona|Centro de Investigación Biomédica en Red de Enfermedades Hepáticas y Digestivas|Centro de Investigación Biomédica en Red de Cáncer|Consorci Institut D'Investigacions Biomediques August Pi I Sunyer|Hospital Clínic de Barcelona|Centro de Investigación Biomédica en Red de Enfermedades Hepáticas y Digestivas|Centro de Investigación Biomédica en Red de Cáncer|Consorci Institut D'Investigacions Biomediques August Pi I Sunyer|Hôpital Claude Huriez|Hospital Clínic de Barcelona|Centro de Investigación Biomédica en Red de Enfermedades Hepáticas y Digestivas|Centro de Investigación Biomédica en Red de Cáncer|Consorci Institut D'Investigacions Biomediques August Pi I Sunyer|Hôpital Claude Huriez,https://openalex.org/I4210115097|https://openalex.org/I4210132431|https://openalex.org/I4210158561|https://openalex.org/I4210160192|https://openalex.org/I4210115097|https://openalex.org/I4210132431|https://openalex.org/I4210158561|https://openalex.org/I4210160192|https://openalex.org/I4210155195|https://openalex.org/I4210115097|https://openalex.org/I4210132431|https://openalex.org/I4210158561|https://openalex.org/I4210160192|https://openalex.org/I4210155195,True|False|False|False|False,cc-by,0.51131729,0,https://openalex.org/I4210115097|https://openalex.org/I4210132431|https://openalex.org/I4210158561|https://openalex.org/I4210160192,Steatotic liver disease and liver transplantation: Candidate selection and post-transplant management,https://doi.org/10.1016/j.jhepr.2025.101704,Fundación Mutua Madrileña|European Commission|Agència de Gestió d'Ajuts Universitaris i de Recerca|Instituto de Salud Carlos III,0.0,https://pubmed.ncbi.nlm.nih.gov/41631128,False,en,True,gold,JHEP Reports,https://openalex.org/S4210202621,2589-5559,journal,Alcohol Consumption and Health Effects,2025-12-02,2025,article
https://openalex.org/W7149442920,Laila Fozouni|Gene Y. Im,https://openalex.org/A5017760728|https://openalex.org/A5046643881,https://orcid.org/0000-0002-1512-9996|https://orcid.org/0000-0003-0009-8418,US|US,Center for Digestive and Liver Diseases|Center for Digestive and Liver Diseases,https://openalex.org/I4210110598|https://openalex.org/I4210110598,False|True,,0.95238809,0,https://openalex.org/I4210110598,Editorial: Two for the Price of One— <scp>GLP</scp> ‐1 Receptor Agonists Could Be More Effective Than <scp>MAUD</scp> in Patients With <scp>AUD</scp> and Metabolic Dysfunction,https://doi.org/10.1111/apt.70655,,0.0,https://pubmed.ncbi.nlm.nih.gov/41933385,False,en,False,closed,Alimentary Pharmacology & Therapeutics,https://openalex.org/S158079644,0269-2813,journal,Diabetes Treatment and Management,2026-04-03,2026,article
https://openalex.org/W38002464,久輝 満田|幸男 滝井|孝男 田中,https://openalex.org/A5002573409|https://openalex.org/A5012967964|https://openalex.org/A5000937492,||,||,,,True|False|False,,0.00082068,0,,16.パン酵母Thiamine phosphate pyrophosphorylaseの反応機構(研究発表)(日本ビタミン学会 : 第23回大会研究発表要旨),https://doi.org/10.3390/brainsci13111503,,0.0,,False,en,False,closed,ビタミン,https://openalex.org/S4306493900,,journal,Metabolism and Genetic Disorders,1971-06-25,1971,article
https://openalex.org/W4415449846,Brandon Robert Bedell|Joshua Katz,https://openalex.org/A5113419314|https://openalex.org/A5101636016,|https://orcid.org/0009-0005-1890-7924,US|US,University of Illinois Chicago|University of Illinois Chicago,https://openalex.org/I39422238|https://openalex.org/I39422238,True|False,cc-by-nc-nd,0.36276439,0,https://openalex.org/I39422238,SUN-668 A Severe Case of Pica Resolved With GLP-1 Agonist Therapy,https://doi.org/10.1210/jendso/bvaf149.178,,0.0,,False,en,True,gold,Journal of the Endocrine Society,https://openalex.org/S2735747656,2472-1972,journal,Therapeutic Uses of Natural Elements,2025-10-01,2025,article
https://openalex.org/W7106250410,"Borghi, Rodrigo Nogueira",,https://orcid.org/0009-0003-0758-9890,,,,True,cc-by,,0,,"Reward Dysregulation, Delay Aversion and Rewarded Perseveration in Adult ADHD: A Two-Arm Neuroimaging and GLP-1 Modulation Study of Habenular Circuits",https://doi.org/10.17605/osf.io/zxr8b,,,,False,,True,green,Open Science Framework,https://openalex.org/S7407050956,,repository,,2025-01-01,2025,other
https://openalex.org/W4407108139,Fares Qeadan|Ashlie McCunn|Benjamin Tingey,https://openalex.org/A5070492897|https://openalex.org/A5013393065|https://openalex.org/A5052831528,https://orcid.org/0000-0002-3376-220X||https://orcid.org/0000-0003-0620-0858,US|US|US,Loyola University Chicago|Loyola University Chicago|Loyola University Chicago,https://openalex.org/I1925986|https://openalex.org/I1925986|https://openalex.org/I1925986,True|False|False,,0.02727403,0,https://openalex.org/I1925986,Response to Wang and Winterstein: Robustness of GIP/GLP‐1 RA findings in substance use disorders,https://doi.org/10.1111/add.70011,,0.0,https://pubmed.ncbi.nlm.nih.gov/39895465,False,en,True,bronze,Addiction,https://openalex.org/S70513841,0965-2140,journal,Genetic Associations and Epidemiology,2025-02-03,2025,letter
https://openalex.org/W2993714546,Adesina Omoloye,https://openalex.org/A5038661197,,,,,True,,,0,,Gut-brain axis: Central impact of gut peptides and metabolic drug on monoamine neurotransmission,,,,,False,en,True,green,DMU Open Research Archive (De Montfort University),https://openalex.org/S4306400394,,repository,Diet and metabolism studies,2019-11-21,2019,dissertation
https://openalex.org/W7130653668,Carolina L. Haass‐Koffler,https://openalex.org/A5033307396,https://orcid.org/0000-0002-5634-5679,CH|US,Allen Institute for Brain Science|Brown University|Addiction Switzerland,https://openalex.org/I1314596251|https://openalex.org/I27804330|https://openalex.org/I4210097117,True,,0.43380752,0,https://openalex.org/I1314596251|https://openalex.org/I27804330|https://openalex.org/I4210097117,"Glucagon‐like peptide‐1 receptor agonists in alcohol use disorder: Multi‐system effects, early clinical promise and uncertain long‐term use",https://doi.org/10.1111/add.70374,National Institute on Alcohol Abuse and Alcoholism,0.0,https://pubmed.ncbi.nlm.nih.gov/41715992,False,en,True,bronze,Addiction,https://openalex.org/S70513841,0965-2140,journal,Diabetes Treatment and Management,2026-02-19,2026,article
